Inigo|Montoya|https://www.hollywoodreporter.com/wp-content/uploads/2016/02/maxresdefault_4.jpg?w=681&h=383&crop=1
Hagrid|Hagrid|https://i2.wp.com/www.sporcle.com/blog/wp-content/uploads/2020/02/5-9.jpg?resize=1280%2C720&ssl=1
Mickey|Mouse|https://www.nicepng.com/png/detail/269-2697561_mickey-mouse-khd-kingdom-hearts-mickey-coat.png
Sora|FromKingdomHearts|https://encrypted-tbn0.gstatic.com/images?q=tbn:ANd9GcSCHvHMA8kGN1NqRl4gB-zOipIMy3dxNbTarg&usqp=CAU
Tidus|Who|https://www.pcgamesn.com/wp-content/uploads/2021/08/final-fantasy-x-tidus-laughing.jpg
Ansem|TheWise|https://i.redd.it/ctpkgwavkaf31.jpg
Goofy|fromKingdomHearts|https://kh.wiki.gallery/images/8/84/Goofy_02_KHIII.png
Dylan|Gaines|https://pbs.twimg.com/profile_images/1268660533127008256/UNoc474t_400x400.jpg
Rex|fromXenobladeChronicles2|https://pm1.narvii.com/7081/15a2e463a547043f6d3a4a3159e2a6ae25da95afr1-720-972v2_hq.jpg
Neku|Sakuraba|https://static.tvtropes.org/pmwiki/pub/images/neku_sakuraba_8.PNG
Elise|Stromberg|data:image/jpeg;base64,/9j/4AAQSkZJRgABAQAAAQABAAD/2wCEAAoHCBUVFBcVFRUXGBcaGxgdGxsbGx0bGxsbGxobHRodGx0bICwkGx0pHhobJTYlKS4wMzMzGiI5PjkyPSwyMzABCwsLEA4QHhISHjIpIikyMjIyMjIyMjIyMjIyMjIyMjIyMjIyMjIyMjIyMjIyMjIyMjIyMjIyMjIyMjIyMjIyMv/AABEIAPsAyQMBIgACEQEDEQH/xAAcAAACAwEBAQEAAAAAAAAAAAADBAIFBgEHAAj/xABCEAACAQIEAwUFBAcIAwEBAQABAhEAAwQSITEFQVETImFxgQYykaGxQlLB0RQVU2Jy4fAHFiOCkpPS8TOislSUF//EABkBAAMBAQEAAAAAAAAAAAAAAAABAgMEBf/EACURAAICAgICAgIDAQAAAAAAAAABAhEDIRIxQVETIgRCMmFxkf/aAAwDAQACEQMRAD8A2KmjC6Z3PpQgKkFr1jz7G2uqVgDWZk7+Qrtm/lOhO4NLAV1RUcFVD5DWIxjM0gxEgR41VXJzaTvVjYKhpYEgcutNfpyKxfJrED+fyrKarUUXB32ykUPIEEncQCaaTFFz3pMxPpT2JxqmcqwSNT4kQY+JpfDYUaE6CoX9otjmFvZDI92o4olyGCkAjzmKhbEkgcqvLKwBUOSi7rZSi5aF1wiMMwUSVjw26Uq/C2gQQTz5fCrauM0VlHJJdFyhFrZmmSDHSuRTmOslWJ0hpIoVm1mO8V3KacbORxp0BinLHDmbU93z3oDLrpVgvEdBpJ51GSUq+pWNRv7AbnDGnQgjqdKTe0RoRFWh4gIOhnlSlxy+4kgcqmE5/sOaj+onFfRT+GtLBzR+IoF62AdDNaLIm6IrVi8V9FEy1yKuwBxXCKLFTt2c09dIockgFSK+ijFKjlquRIEJUgtEC1LLRYAgtfZaNFdCUuQACtdC0fJpXwSlyGDWz9qNBVjbwTwJYQdT1HlQ7N4oIAEc5500Mf1X51z5JS8I1hx/ZjaWVAgAVMClhjFgePyoovrEzXM1LydKlHwSZQdK+ZARBGlQOIXrUDfBIiT1pUxcokb+DVtdjQf0VU3JP1pvthsSKBigCQZ/KrjKXTejOajVrsRvIJ0n1oQFMMlQKV0p6o5j5GA5T4Gulx9kRRLWHLbUe3gtNdKiU4rsuMJPpCbtJmoRTzYOJMil8tOM0+hSi49gctTVPWjW7JJgU5YwwUzM0p5EioY3IQu2mUQedQVYq2uWgw19KEMIOpqFlVbLlid6E3tymgAjfxpXsz0q5FgTrtyH51Psl6D4ULLQ/ibKALUwlH7I7RRBZO0Vu5ow4i4t18Fq3QKoAoV/CyZHwrJZrezV4mlaEBbJ1Ap/C4fLMwTyoA0EUdGBA1M0sjbQsdJgMQpLe7B+M0FbZOwmrUMNq6oHKoWRxVUaPEpO7KwYZuhohwzAU7cuAV1GkUnkkP4ogFwumpo8jSp0pdvhZYgmNABqam3ItRUehh0B3FK3rcHTakv1qS2g05CJq3XanuJMoqYjkr4W5MU3duZY005npUY1051XNmUsSRO2oURNdFwEwDJFRy661IMJiKhm0X46A3WJ0ofYE8qdr6mp10S8Vu2wdm1lokVEsI3oYvDlP1qds0VRVIISRyJ+FczH7vz/ACrucRM6UtfxBGo2mJoSsG6C27nX5A0TOOh+BoQvqRpHlUP0n91qdCsNmUmNJGtQvYgLE86Vt8PgyHIkeenqa6vDzEM+bzX+dOl7DYvxHEkPAmBGvKTrpVnh27o1mNz40u/D0YAGdOmkkaSY51OzggmzN6mfrQ2mqEk07DPbBqJRRvp61JVI3afOk8VhSZI1M7yBHxmkvVg0u6HViO7XToNKDZuGIIEjxFdDsDqJHhy+dKh2gFy+rELIHnTFh/3lPlQMU4gCInT3ZP0pS3giDIuH/SRVUmhW0x6+gcaNtMQd/Ok7WGQNlac3Iz+VMNg0P3vGCw/Gu2+HopzAGfEk0JpIGm9il26ivDK2kiRmPw10qXD8VqdDl15GasXtAmZM+Br4Keug6/8AdHJUHFpij4iQwZWg7aRr60bD3hAGbMfAUZ8pEEik/wBEVWBlvDvR9BRpoNp2PxUGuAEDnQc4y90k+E6/Olw8iMrMf4v50lEHNIavJOxg+HOvlYL7xPrtSDYlbbTcZVER3mAr79a2GWDdtn/MPTnTarQk72WIYNtlI8pqOZtYTXzEVRYjjGGtAtcu2wP45PoAZNUOM9vQZGHw7PyD3DkXzA3PxFDSQKTZvMukHKPAUnevW0aHYL/mAA+JryfiftFxG9Klyi/dtwg+IOY/GquzwtmOa62vnJ9TU8kvJVWey8U49hbCZrl234KCGLeSrJNZn/8A0rCfsrn+lf8AlWIXhFvmCfUxRv1da/ZrUfKh8We0gkbHTyrjSTrMeBrGYj2qutoiLb8fePz0+VVdziVxveuOf8x/OuhY/bMXN+D0hQOUj1obXG+6Sa87GPuxBuPH8Rj61FuJ3AI7R8vQsY+E0cUvIcpej0hZbcEesVNR5+uvwryc8dZD3WceUj8RQbnH3YjM7+pn6mn8afkObR62+Ktpu6A+LAUsOKWmMdosj94D/uvK341bAkkxzOg/Go4jjCKFOVxLAaxrPSaOEV2w5SfSPWLt22dWcEDnmH4UA8aw6adoD5An5ivMWx1uVViVLkgA5TJBAjQ6HWmxYMaKTOxIgVLcF2w+3o3d72nw67MzHwH5xVVe9r3JOS2AOWYk/SKzFrDk/aSOpZYobqJAkknaBv5aUvkxrxY+M35NZa9smgZraseoJH1Bqdz2wWP/ABx/n/lWPdSDqoXSQWYCR4T9KAL6mIZTO0EH49PWplkj+qHwl5Zrb3ti+1u2B4sZ+kUq3tffiAtuesNp/wC1ZztV1720fP61C4ToJIJggRqQdRHgRzrJzZXEu7vtJiTvcjyAX6VXX+LXHOtxmPgSfptSr2VHvLP8Rn/6NSz6CIjSIIjUwNqXOQcEDe8zH3WY9SdPjrQ2S4d2CD90SfiaI1wbk/I/jvQ/0pdOpIAHMz8vnU3IpIkmHQahZb7zan5/hRwnWhtc02g66azAPL4864rEjaD0O9S7YwxAFcLioMjdPHQH6UNngkEwfER5b0qYwjOf+6hnNQzlmhASZgBQT5bDnTP6uv8A7C9/tP8A8aVMCRxK/vf6fzFd/SB0b/1H4VUX2ykKcysQCMxJ5gbKxjfnExVgLawMzovOAGZttiYI3jmNzXRbJUGxqy7OYVGY9ASfkBTC8PuuQAg57v0MGQGnkeWsUC7jMgc9sVaTGUGYnWSoCmfxqp4hjsSqhkvXipJEZnA7u5GoEaxEcjRbK4Jdj2Mt2rLqlx7RLAE5UZgoP3idZ8ImprhLbHum0YQNltlC2uo0J00I09ImqC6TcKFkUZVIJYspJGuyMSSTzPhQ0vXEktBRVIWGjNAMQDr0nQaVVsmkWXGGV7Ny32bL/wCMgsVUgq4LDKupJG3nWXxPDWBAJJOcoQTMRqT8COdWycStXAUa7dtqSD7uYcuQkT3RqZHhVnZxeF7ud7TGNW1BZgBqQDoTA0NRyL4P0UOBwTWbttgwJR1adxKsGUgczKitxbvEI/aXGRTuWAtiNI7pGuvPb4VS47HYMoydpOYz3Q0/ZMyNoIJg/wDdLf4kqjJbDuvJrjGZ5HTWBvFK7Hwfo22C4xbMvmIIjswkQrQouBWZWIBEGRrJPgKs14hYa2zXL3edGzRDXERdAqAKAggxEak8tKxmJw15MSwUK0jR7uRVMgBmAuMAAJMDvaDnQr/CyzS1yyCVHue5IbomhMAGYiqpE2W78UsKShJcqy5T7tsrM5bmeWAGu3U9YpBuOISmXsAFkwFPMmRoozaAATJFCs8LRXDMylQQRCsSII+93TMc+p9L69hcfecuFuZisZmshAUEFVJNvUBoMb60KkJttCP64tOVCKLb8ltodG8yC3MiJ386+Sy5IJW6tzfOEK5R5r3iddq6uBW9ce3fuMuIzKTcLSASTAbQZNF9dfCoYng9xFNsLbuqCpZ0dCCqyR3pzL7pnn8aaom5EOI9moAuLibjgiLgllAM+7MkNMaGhWsL2lssEuLJEZignMQA0nKZJkelPcOi0DbvdouYAkW7hKhZMDKGAPXWqhsGrXQiOVtmSbjAAKIIAK97LuRIJ32oZa6tneLFbbMiHMukd5WglYIIXbvfhST23gMXW2IXQsM0QDMDXmPjWlt+zeFFxc2P1JUwLbHaMu6RpVucLwwtla/ncDU5HExv3UVV5ToOVK68DST8mPv2WW2DcuZwSBoGJUEaGSR/WvWgjiTKoW2bupMlQ0DWc2/ebkT8K2Fu5wq3JRHbu7hTBAPLO+hH51y5xjhram0SV0Ga3bYmTGhZieU9KVv0DSvtUUnCsWjhTcLq7nl9nLJEA9QZjx8Irl62jN2i3GuISAQ8WwANyYY5hBkxrI03q7fjmCUQltkMhQ2TDwI3MZZywIqlfj2eVKJkL6DsUnLlEHROvOjY/qkRuWlFgG04LhzmAcKWWTB77CQDoBHOaB2939nd+X/KrVLmHW3qAxI3YBcp+93bjaGPdFHzYT9pY/2z+VArM+/E7KJ2a2zrpmHZrcMAZszraDEHrm5Ug2ODMDDqsCQXB2IzBdOY0k9alj+HpCC3bxDFj3nZHJA8AFEyOormL4YiQS1wCAIa3lP+po+lBGxixxbDrcz9negRCi4N9O8WykbjpUMbxjtXObtBbAlUN5zJkbkjbTXT7IiN6E9mzbEi21yI1dyRPLRAB8TRsLYxDMeytC3IBB7MCCf3nBYelFj2cxPHEcr2dpbahSGAd2zyPtEmSdPChLxQtcjICAsAKo21206HerF/ZnFXILd93EyziFWdA0iZO+ggU1w/g74QO/aqXuW2t90nuMdQ5kCYy7dYqXLdj4SKMJbuMzFSNtCfTlHSo27NvXujc/ImK7xPtnuMzsWbQFgNGgaH4dKJh+D3LiDs+0a5oXBAVFBzal2hRqo586TSb7NoydUchI91fgK6biFVnLErOacvrl1jyp+z7MAEdpiQNRK21LmOYzHKJ8po9z2Zs55t4lkiIz220I55luEj4UUjX48jX8QLi5fuW1GHzXWgW3ts5W4o/eLEFdZJEEbk16HgvYNMoL3HtOUKMLLGMpEFSz5s3iYFWXsdgMNZsqlp1dol32Zm5nKdVHL01k61pa0XRyyVPZnuGeyGDs6i1nbfNc75kc490egq5xWEt3FKugYHkfwO49KJcux9lj5Ca52685HmCKYUzNXPYTB5WCK6MwPfDsWnke9IMHWKzuN/s+xVsThcZJIIYPKSDIJBTNyJ0j1r0gNI0M0NbpXRt+vI0UFNniPHfZniOGSbv+JbUjvoxcICQOahlX0jSqO3YvtNtSxJEwSVEZln3o0/nX6GbFoTkYjvA90jcTB8xrr51leMez2Fsh7/AGI7LLlZbdtnYCTOiuBl2+yfHQVMrXSDj7PJ+H8Ma4Sbl02wDlDHUZoIgnNoBzMxqNab4XwfDXLmT9JuljogRLbSMuszcGXpHOKssRirNgA4e1nts2rX7Ch8x90KWEMNOXzmh/pVq6obE27oe2xgWRatoqkDfuhg2viNqV2FRS9lBieHkN2auWboBsP3tYHjrpzoYwsJ2kFlUlSQQRm06cvHyq0fCXbbFRbVTeZlth2UnJtlgnKNDqx8dRThwzpbFtrNgdpKQIEtlPeLBoHWdD0pWZzi1uP/AAqsBxG3bBmxauEne5mc/DMAPhVintP2etuxhlOXTLbMwTB2fTnofCg4fE3bGW0BaIDBQCTudiSRmgGNfD48fhzNicht2SzBjcy3e6CdZzHRTPQHyp8kSotvaJf3h7umHwkZojsRBIGh1O8E/E1H+8zf/mwv+yn51PivCXS2JNsd4Bct0M22gEIBE9fjSP6ku/ft/wC5b/Op5IrgguGxVwmHuXVGkwSSNdeYq0xXCMS727mHsXLlsrJORyCSSDOcDNpBkbTWp9m7GDUWmuoz3coGVoZWYGBkQGM3pqTWoxHtdZWYS6SN+6oOnLU1SqizzxrF12AuSpGUQwKjuxGggmIFN3eIPacBIuMdWcLoCdwNVDerc61OJ9sVcQtpYP7QyP8ASB+NUWB4BcvYi6Wui1YZA2VYBK3BcDKAQVAUjeKzca8lKzP8Xu3XVXtlyxIzCJ0I8dNDG1G4cpyLnU54OYkDef8Aqm8WbaOyWySikqpJnRTGp57Uq+KFQlZVj1lBqToo3667AeJoOJxhbQd1Rso2H5nx3qONuQAn3d/4vtH8PICkGuUdHrfi4VGPJ9hmegXMQBS1/EgVQXrzXiYMW5j+LxPh4UJHTOSiv7LZ/ahbbSjFmB+xy/zSI9DW69kv7RVuRbvgg9T73npow+fnXmFnAKOVNpYA2qlNLo4smN5P5UfouzdV1DKQynUEGQakZ5fOvIfZb2ruYdgj962TqD9fBvHY8+teq4HGpdQOhzKfiD0I5GtoTUjz8uGWN/0DxbIPflOjgwJ/iG3+aKhdZ13Ha2+qxnXxjZh5QfA09mB0OtUmO4ddt9/CtlO5tNqjfwz7h8tPLerJi70P3bIYLlPc30IGsiCCRIjXn4VLC/4VoC4wkFpPWWJA8TBrN4X2uUt2d5Gt3BodpU8yeg8pFWV7hoxDI4udwGSu/ll1jadaCpY3Hsw/t9wI23tdjkt28yugCgAFdCvd3iQQTyMVnMRavdnfUXGIZgQA2+i7+gr0b21vrk7MaxDg/dMkEeUE/AVifOPGuXI3GVGbRnOOm92llmzsFy66mDIzSfhSuNuzdUlgYdc2ugMQSPDuz8K1N9FIGkkHr+f0rMPw53diAADcAI0JEKW0A5etKMrIaDW8Sz4jIQYFw6QJEAxMj92fnQRiCLjxpIiQZgk+Pw9a0yWrjatlUkCQN9ARqfI1T4HhLC4/aFgu8yNZnTc8ppKSDiQs3nu6M5ARlaNyQN51pTtE++3xNPXbZsrdAYFSwHR/dU6RykiaoNfun4j8qpKxM9IxNlLjpcsZrNsAFEyqrII2GX3Ynx56197V2TltXbYKq/ddVzOc4OrGSdI3Jpy665pVSBOgmYnx3NHt4hioSYXUgaT40nlVaNUrKnhPCrVxFuZzcUkRmchSZjZckjzJFaDhvEbi3IVFW0sBhbs5AdDAQuxBEgbcqqOP4Qth7rLAdVzBmkwF1PP7s6VP2bv3GtsjmWRghGkAoiq2WNlzKxA8ahytcrLUfBULwbE3CWcrbzEmDDNqZOinLz61zh/D0F10cXc9sFwzDKjFHI0GXUSv3vrWuCkHlWLs2L/6aQ75kBuhSEMAdmSqhojMQQTB5eVaY58rtjUEpL/SWIuSxpC9eip4piGM1WYm7RVns8qQlxHEk90HfT407hLYVQOlVA1uL4SflVzacUSWqOdTuTYwEqeUVBaIRUUU5EYq44F7Q3MM8gkrzHh49R8x8qpzQXdRzpq10TJpqme08M47bvoGRgDzXT+j50+MQevzP51+fxi7ls5rNwo3gRr5g6Gjr/aJjkGU9mSOZU/8ta6Iyb7OGahFnq3tZw5LqdpA7RNyNCR59R9JrIcP9o2tObK3xIGwbad55A+XyrEcR9q8biAVe6Qp3RBkB+HePlNVGGsM7KLYJcnQDefCrsSy1rwe93MBbuYVrivqF57kqhlfVj8KyJSRSnsjxlyf0W/KZ+6ubQB/skjlrofAmnMpGkRFc35G2mZzW9ALts0o+DJLEO6ywIggx3QNQ09D6GrV3A0MzrHpXco8fhWFtE0JJnAAJnTU9fyoKrdVyRckGJV1mPUQRVmtoHw89Ki2FPKZpqQqEcbhVugBxljmsb+tZb9Ft/tD8BWyu4QkbA0j+qLf7JPjTUgaLhsUNYFxmnbIQI8GmKYw2MJAm1cB5SBHxB0oJBHujMfPU1JLDMO/cC+AMn+vCodM2pIPddrikEI6me7miR0YDQiD19KJaxAQQQtsDxUD5GuWcGCd2g/1rpNFRLebKFLEHkhY+cx3aXEKZM3JAadOuuvpGtLYSwi3Gdrt2405jmhEBK5BCwCe7pr9aZdCu1oherOi/Imal2qaAW5YdDIA6ydfhVpUUUXEcBbusezbvbnuMF9DrWGxWJti6yEs2VisIskkGDGYrzBr0+++IeVthFXmza78wCdayCcAVMeyXSH7S21ydQCxbv8ATXn/AJq1hJeS3lnVJmcusSp7K04kxmYLm8RAJ8NopI23XVzdX+JTHxE16HxXhdqyme3bIbUbnxMQWPx8Kyd57x16+vx1rWM0+jJt+WRwGJ094N4g/wBGmzix1qhx6GM2XKwO66T8OdCNtgVDzBI5/KnwT2WszSqizxOPZjltyx/dE/ypT9Evt7wPqwH0mrYXAqwggdBQDauPqJ/lSToUm32V/wCq7vJR6PJ+tLX0YHKykkczpHqa0VjBOpzMeW3n40LiNoM9pWGsmdN1Gvr/ADoU9kuGrKNVyQRDTy5jbeOWtO4biIt627Yz7ZmJMdYAA+ZI8DV1+igg1l72GK3CviaafLsmUXEfuXXW4lzOGZtZ0BUzz5AdPI+uzwPtLZcxdcW33MmFJ6gnrWJtWEy97vTz6eVV6IBcykqNYlvdkH7XhSlFS0DVbZq8Zxg3cQot6oO6Ap1MnXWIk+GgFbW3bkCQPHw9azHsxZbKf8EL1dToekc4rSjC3CMwkjSBpO1c2TTpCZJ8Oo20qLWyuxmgl3934gjfwojXmH2dfhrHOsgtBCjjn8538q+yUP8ASjBmfxiifpA+9TsehPC4q4R3e0djrPZhFPqwLfECrbAWmKyLajUzmYM2u/uiB5ClUxuJuQEtIqcy7R8FiZ86sF7QjvEHwWY9WgfKKui0dvJdExdtWweiyf8A2mlkS4pBuYgvqdGtgD0gDTzruJDqP8N1U+Ef/RE/KvntAgEjM3UtufXWigYy3ZltSJ8FEz5xFEZLUZTtIO538Yqm/Q7pM5tB0mI9Ks+H4UnWYHjI/wDrX402q8jVsbBEQpgcgBp/OqD2pw1xVt4pFLPYYsQDLNbcZbgA01Aho/dq3wGNs3BK3A0zrIHPbl4cqPibpEZRaVerv3vQCaE6YNGZ4niVuWUdHzowJU/h51l3cirbivCkzu6oLZJB/wANyqneSVEAk9SKor3Cyd3cjxb8q2jVDUWxW4we4FGyd5umbZR57n0qOJtZ1I58j0I2pg4YIMqiBUcjCtDSMPrTFcHiJ7jaMOX5Vd2rRUSTVO1gvGdfIjQimBw5+Vx48/zpSpkqEl4HmuzvsKDh2N252n2VGVT1M94jw0A+NRt8JB94s38RMfDarfD2Y0A0G3SpbSKUH5OWrdZnjluLhitjkqp4rgVuaEkEHeiLphONqkZ6wwyjpmE+B6/nSOIta5tw0kc+Z08Dzp3F2ShyaZjsVnXzFbTgfsyMqveU6EGARGhGjIAZ1A86pyUdnPK3or/ZsG3aQs8jYQ5BUE8tIPlIrRWcaxuBbb3GEDMjrlInowGungdtas8Vw64FBsC0RJ7pXLB30Kj6xvvQrWBvIvet2ySNYMiY2lgOdc8pexH2JvZoV7aPbbdWBRwNNjqr9dIoV/AAqezaG5C4xj0bMYE+flUwwQ627lpd+6WygnmQpAIkbeNRwV1GzA5CSdNxGnSYiov0BXY3PZguRlYSC2h8jyB9aX/WFv76f61/OrfiFjEKC3a5U3KhEZQNYjtFGXyJqjzXfvt//Nb/AOVNQRNG5KEzpp6R5UqsFoLADQQo5/H6iksL2hym49q2Tsoud4+ETv6elNX+Gljq1yYHuuo67kCd/pSdm/Z8MKyyTbRj94kT6knU+UV8L1wN3LSN1AyiD/ECfpULnD7KRcu6xpLOxE9CC0GqfifEMK4zLcdAu/ZuLYJ13gEk00rDo0NnE3mMNYCCJzF+fSJ18/CjsG0JYeIAQSPMmf8Aqslhfa/DyFNtssas0k6ebEsf60pu37T4LNOWI1ltvTU6+lPg/QcifHcFZuhFdb9vK2ZSqpl0BiAZAHoNq5gMGiNIW5cYgTcuHMYGxEaH0HSi/wB+MMCYc7CO6fyoOI9v7QHcV2PSIHjqT+FFS6oG0O48B1KgARB2IPOdAsAeNZrELGlWFj2ya84thAM+gXdjO5PICKR4rYZbgPLXyqkmtM1xzVMXyq2+/wAjQ7tttlygDrqf5etLYbFdoxtlStxQT+6wmJXnzGlFYOdIbXw3qpKjWErIXCSIJ9AB86NhmjQ6iuW7J6HeNudK4vHi3CqpZiSInmOtFX0Jyp7Lu2oNMpbFVOCutKyIncDari2Kgtu0Qday9/j6W7lxLiMYYwVj4GfrWtuLAry3iDZ7txv33/8Ao1tCKfZy5JuPRveCcBF8nE3DE+6kPChTGpC946TM86ubmCLhntXkuqo1RXkj+IaEfOsLwni162FBuuU07uwGg6b7U5juM5nW4gK3VPvjukgcnA0ceO9TKEmznck+zUpintjLOWdYEHSSPw519iOPXB3ZY7Hl8JG/KvuCe2r3My3QqkRDDnyMz03/AOqtmt2H1uraIPMwjHnowIPWsnBrsO+mU1ji5gtlddG1z76xO2omo/p6zme2Y5nrJ5xzqWPu4G0Sqht1ByNmGp1jMdqdwnELSf8Ai7O4STqdTGh0BHj8ZqXFhT9h7XE8MgVWJGZR3e8fIRqJO+sUX9YWf2T/AAH51km9nsTed3TKUeT3pSDJ6aGCeR9K5/cfE/t7X+q5/wAa0qPsdv0J4Hh+QHtLNwOQW8hrGvLxA1rUcE4yGAAW2VA0XPBkDeHMttqfrTzvZtwGskjkRruflvTKvZBEdmCQQAQJjeJ1MVLlZoo0Z/jeIu337O0oyqYcZC2Ukb+6Qd9hrHKs3xLgl8BSLZYzELbyyDzkb+u1eltaDETB6ATH4UVyirLCAPX0GtCm10DjZ44eCYsjMLF2B+6fpvSLo66MjKehBH1r3OyGuHKia+g+PSj4z2NS8mW7k18WMHwOkGt4SlLwZyil5PAu0J+zRLRYmFRiegE/SvbcH/ZjgkYM/aXI+wSMs+m48zWjt8Hw9lYt2EQdMiwf4j0rXiZ8j894bFXrIZllCYBOXXwGo011+FXvAOKvfJtXJdzLI0SYGrKY2HMHzHSvYcbwTCnW5h7RC6xk/AGDWfxXtTawhZLOHtrmH2EVJMQC0HaI5ULG32UpuLtHn/EMASRcTR1O43oa8YvKACqkjSdRVqcUGltNTDRyb+jSbspPKs5qnTR146krEHuXrm5yiZhdNfOiYbAhNd2POnUuDwr5Wk1Fui2l4C4W3rNWaUtZWBUnu1FDcqJ4i5Nef4rAZbr5m7uYnTeCZ0G1bZ3qn4jZUsGIkHunqJ2I9dK3xq3Ry5fZnkaJERXxbSrVuFh2yo4zdHgDaR3p0qxw3sbdKlrvcWO6yw6z4tOUjwBrScHHbOdO+jMi6dPT5Vb4bGLcUAqYGaBMw3hO2sGOdN2vYvFdoAVU2pk3M6qMo394yp9CK0OJ9kS6qqXBaUCFCpcuQY+9oJnn4bmsJzj0VwkYviLoijJAMz8TIOu21F4NxI22z5VZgQFBAOpgfQRWuX2Ew9w5P0q47mCwCDTSCRPujSK6v9mqLDJiXU6EB0B2POIqOUapj4SC4z2pe0ii5auLIENAIbTkQT8DSH98x/SH8qS4/wAOxmEIuC4Sm2dB3NzGbeDGhmqf+82L/bN8B+VXGMaHbRvsRxO6D3rSAfaV3QH5mPrVlbwy3IY2yNNIQmR4GNR4jQ1YYTh1u1PZWgp+0xks3UltWPqa4lwg/wDkXICJy6EmPtEwJnzrm5ejooS/VgAkBoGu7fGNalhMA9y4EUnx3JHUzAgee+lWGEtvdeEhNNWV9d+axBHj46c60WHwosplRC3MnugseZJJrXFjc3b6M8k1H/Sv/UpCBQoYAhpLuGJG2qx8Jq0wzh0ytvsdZIPSetCscTRmyElH+48Ax1HUUnxG52dxbg9253GI+y32G/A+ld6WqOZux3h2JJL239+2QJ+8p1RvUaeYNOuoIII0Ij0pJYJW4BDxkbymfWCDH8R602WEBqTAzvHjc/RSyEh0kN0IWQZHTSfI15FibhdjMDX+udezYu4vaZc4CPGhiCWESJ32Hxryr2iwHY4l7YnLy15flWsBMrMNei7ctnZiCP4hP1E/KitYNVXENLg8frVngcYW0bUwNevX8PjWOaD7R0YciX1ZJLBpu2kb1EXK4borkdnVyXgZzVxjQBc00qQoJB33quxt33R1IPoNT9PnTWNcAT0qlDkkueegHQfzroxQuSObJKkM4Z5uCOorUcK9oLuHcZdFMhhrB10JB2YVluFjvFtNKesIXuBRoWYDwk6a13ra2cvk9nHDrN1hdAltpG3mFOk67jWKm3AlnMLjjTkBz86TwN1rSKtuboOgaTEiJPqTVlbxWbuiS094wQJGhInccp8K4pYYt3RspyXkrMRwl1Ja3cLHoe6do0O0/DeqW9cKkowIaSSsQZ3946QfLpqOe8tpA150nxPDYcp/jBMo2zaEfwncehrOWGL6Kjka7MXBzQLh0AJXKMoBjuyPeO41+BqH6Lh//wA9r/bH/Gu3+B4K4SuFv3LTnYMWe2SdRObvfBtJ2qu/udjvv4b/AHLn/Cs5fjysrmi5/TrTgq17lycKdIkdwgzr1pi32bAKDqYgE666RBO/hvXhVrEAGQYiCI6javVv7LOGXLrNjbwYqsrZLSczH37gzcgO6D4npUr8e2U8uj0rAYTskCiJ5n6egoOJv301CC4vPLo0eAO9Fv3EOhz+YBj1ihubijNbOcdCdY9a7IxUVRzt27K98fYxH+GwAfcK4hlPgeVQvIUUqwLrBDruWXmR+8N/HzruObD4gZLvcuDY+66HkQd9+W1VL3L9hstw9pA/w7gEFgPst+9G3UirQi5wOIXKQHzDukN15D5AfOj4p81p06gjfqKx/DcewzjSILSugMkaqDyPdaOWeOVXWG4hKHpt/UUMZieO8XK9jZYGcOIJk95Z7sf5I18ao8fxG5dKl2zFZGY7kHaesRX3tDdz4q4RtlMctmK/hVdbbStIiYLiA7wPUb+NdtExI0I1H5V9jjIWK5bOn9etDV2Fj1nHhh0PMGum9VVi0yw456H8KF+lGuSUKdG8cmjQ2r1EfFBRqazyY2vkDXNSe59aSx2ynk0M4rEm5oPd+v8AKlnNEuGNPhUsKknMdhXXCCiqOaUrY7ZhEjrVp7NG12q9sYtrLnlmIEBZHn9appn/AKo+HC5graKSASBMAnUxz0ratEHqvDfai3cuC3btns15gAKAusmdeWg8q0fDv8Q9rEA6IP3Rz9a8p4jxO0vZW7AIS2SxzRnd5jM0fuzA5TWhue1l0izh8OqB2CDUTA211jxPh51jKHoqz0DEXSB3QC3ITz8eg8apRwxbjlrgN1xuWJFtPBV56efpTRuMCtsRmI7zDYKNzHifqKXv452JSxlVE0e42wP3VH2n5+uu9ZpNDLGzhLaDRVX+FVX6Cp5E++3+o0pgbf3Zf999fgIgDyp/I/3h8KGB5Xg/YnBKwADOSIhnnfTQCNeY23rfcPe5YVbboi2lARAn2VUQogeAqt9nrCnEMSoJWcp6a8vjWrvICCCJrmwtpW92a5VTohdmO6oPmaqXx7Wz/i2SiH7anMo842prhzd4ryHL1NQvuRcgEx03GvnXTVaMhTGpavLqQ4GzKe+viOf4Vn1xbI5wd8zIBtXJjMPsk9Dp6EeVG48gtYi2bYyEkzG3LltSH9oGi2WGjC5APMCAY+NUhlFib5tG6o5KSvIqGaSscgGDiPLpTns3ig6uhO8nptruP+6rfadu8h5lTPj7p+pPxpf2eMMT+6fpSAo3cvcdj0+pn8aEnSiWPtev4UNdz5iriI5ih7lQnKdtD8qniOVcu7elDewDFAylTziq+7w5xt3h8Kfwuw/rrRxUSVlIrMNw0zL6KOU6mnLjQIAjwo52H9daTx5hTGmseknSqgkkJgApZiAdBuR9BTL7BR8KnhEGUaUN/eNXZNEwP6muhzNfDnXF5VVioYTeeVar2FtB773W2tpI/ibRfgAfgKylvb1Nbr2PEWj4vr4wFqZPQ0aC5xEItxy2XNImdQiCCw6ks0DxilLNwdxrqs0/+LCruQdQ7+Jmdd9zvVfg+9fRW1ATNB2kC6wJ66gHXpWo9lEHYteIm4zsC51YidpPKs26Qx3C4e+4BuMtpfsokEjzbb0FNfq5fvXP9ddS4ZGvKmezH9E1Fgf/2Q==
Sho|Minamimoto|https://img.game8.co/3387559/554abd3061a9d45681ecf5b64558a9a5.jpeg/show
Shiki|Misaki|https://www.giantbomb.com/a/uploads/square_medium/9/96986/2076514-shiki_misaki_artwork_2.jpg
Donald|Duck|https://kh.wiki.gallery/images/8/85/Donald_Duck_02_KHIII.png
Riku|FromKingdomHearts|https://pbs.twimg.com/profile_images/1101879863256993792/NpC5uZ_k.jpg
Shulk|fromXenobladeChronicles|https://i.pinimg.com/originals/12/2d/9d/122d9da270e8f68038d17dd33412ba7e.jpg
Reyn|fromXenobladeChronicles|https://oyster.ignimgs.com/mediawiki/apis.ign.com/xenoblade-chronicles/7/70/Rein_1.png
Leon|Kennedy|https://cdn.vox-cdn.com/thumbor/kO1Pzcj16eHHszutKh8Bf3qyI8g=/1400x1400/filters:format(png)/cdn.vox-cdn.com/uploads/chorus_asset/file/13744296/z35arb0woqfqh4vimybc.png
Ryuji|Sakamoto|https://www.fanbyte.com/wp-content/uploads/2020/04/persona-5-ryuji.jpg
Kanji|Tatsumi|https://www.giantbomb.com/a/uploads/scale_medium/11/115901/2125693-kanjip4g.png
Kratos|fromSparta|https://static0.srcdn.com/wordpress/wp-content/uploads/2020/07/kratos-god-of-war-.jpg
Monokuma|fromDanganronpa|https://p.kindpng.com/picc/s/163-1634714_danganronpa-v3-monokuma-sprite-603x705-png-download-monokuma.png
Makoto|Naegi|https://www.anime-planet.com/images/characters/51692.jpg?t=1614152693
Colonel|Sanders|https://i.insider.com/5d8bd5792e22af468e248388?width=600&format=jpeg&auto=webp
Goro|Majima|https://i.scdn.co/image/ab67616d0000b2735c97b1fb45fefed0412d209c
Phoenix|Wright|https://process.filepicker.io/APHE465sSbqvbOIStdwTyz/rotate=deg:exif/resize=fit:crop,height:566,width:944/output=quality:80,compress:true,strip:true,format:jpg/cache=expiry:max/https://cdn.filestackcontent.com/GhbgaQclQtmdjbbOdtu9
Guardian|Digger|http://www.negativeworld.org/images/content/247/hhvillage7.png